﻿<?xml version="1.0" encoding="UTF-8" standalone="yes"?>
<addon id="Compartilhando.repository" name="Compartilhando.repository" version="0.0.2" provider-name="Gmemerson">
	<extension point="xbmc.addon.repository" name="Compartilhando.repository">
		<info compressed="false">http://raw.github.com/Gmemerson/Compartilhando.repository/master/addons.xml</info>
		<checksum>http://raw.github.com/Gmemerson/Compartilhando.repository/master/addons.xml.md5</checksum>
		<datadir zip="true">http://raw.github.com/Compartilhando.repository/master/repo/</datadir>
	</extension>
	<extension point="xbmc.addon.metadata">
		<summary>Compartilhando.repository</summary>
		<description>Addon Description</description>
		<disclaimer></disclaimer>
		<platform>all</platform>
	</extension>
</addon>